<?xml version="1.0" encoding="UTF-8"?>
<!DOCTYPE hibernate-configuration SYSTEM 
"http://www.hibernate.org/dtd/hibernate-configuration-3.0.dtd">
<hibernate-configuration>
	<session-factory>
		<!-- Configuration -->
		<property name="hibernate.connection.driver_class">
			oracle.jdbc.OracleDriver
		</property>
		<property name="hibernate.connection.url">
			jdbc:oracle:thin:@localhost:1521:xe
		</property>
		<property name="hibernate.connection.username">
			demo
		</property>
		<property name="hibernate.connection.password">
			demo
		</property>
		<property name="hibernate.connection.pool_size">
			20
		</property>
		<property name="hibernate.dialect">
			org.hibernate.dialect.Oracle10gDialect
		</property>
		<property name="hibernate.hbm2ddl.auto">
			update
		</property>
		<property name="show_sql">
			true
		</property>
		<!-- ORM resources -->
		<mapping resource="Employee.hbm.xml"/>
		<mapping class="com.revature.beans.Classroom"/>
		<mapping class="com.revature.beans.Course"/>
		<mapping class="com.revature.beans.Student"/>
		<mapping class="com.revature.beans.Teacher"/>
		<mapping class="com.revature.beans.Textbook"/>
		<!-- CACHE -->
		<property name="net.sf.ehcache.configurationResourceName">/ehcache.xml</property>
		<property name="hibernate.cache.region.factory_class">net.sf.ehcache.hibernate.EhCacheRegionFactory</property>
		<property name="hibernate.cache.use_second_level_cache">true</property>
		<property name="hibernate.cache.use_query_cache">true</property>
	</session-factory>
</hibernate-configuration>